-- phpMyAdmin SQL Dump
-- version 5.2.1
-- https://www.phpmyadmin.net/
--
-- Host: 127.0.0.1
-- Generation Time: Dec 07, 2025 at 11:15 AM
-- Server version: 10.4.32-MariaDB
-- PHP Version: 8.0.30

SET SQL_MODE = "NO_AUTO_VALUE_ON_ZERO";
START TRANSACTION;
SET time_zone = "+00:00";


/*!40101 SET @OLD_CHARACTER_SET_CLIENT=@@CHARACTER_SET_CLIENT */;
/*!40101 SET @OLD_CHARACTER_SET_RESULTS=@@CHARACTER_SET_RESULTS */;
/*!40101 SET @OLD_COLLATION_CONNECTION=@@COLLATION_CONNECTION */;
/*!40101 SET NAMES utf8mb4 */;

--
-- Database: `kawdu_bill_system`
--

-- --------------------------------------------------------

--
-- Table structure for table `categories`
--

CREATE TABLE `categories` (
  `category_id` int(11) NOT NULL,
  `category_name` varchar(100) NOT NULL,
  `created_at` timestamp NOT NULL DEFAULT current_timestamp()
) ENGINE=InnoDB DEFAULT CHARSET=utf8mb4 COLLATE=utf8mb4_general_ci;

--
-- Dumping data for table `categories`
--

INSERT INTO `categories` (`category_id`, `category_name`, `created_at`) VALUES
(28, 'COMPUTER PARTS', '2025-11-13 17:15:59'),
(62, 'Used Parts 1', '2025-12-04 22:55:43'),
(85, 'CCTV PARTS', '2025-12-04 23:52:39'),
(105, 'SOFTWEAR', '2025-12-05 07:57:47'),
(106, 'd', '2025-12-07 09:34:40');

-- --------------------------------------------------------

--
-- Table structure for table `clients`
--

CREATE TABLE `clients` (
  `client_id` int(11) NOT NULL,
  `client_name` varchar(255) NOT NULL,
  `address` text DEFAULT NULL,
  `phone` varchar(20) DEFAULT NULL,
  `email` varchar(100) DEFAULT NULL,
  `whatsapp` varchar(15) DEFAULT NULL,
  `rating` int(1) NOT NULL DEFAULT 5
) ENGINE=InnoDB DEFAULT CHARSET=utf8mb4 COLLATE=utf8mb4_general_ci;

--
-- Dumping data for table `clients`
--

INSERT INTO `clients` (`client_id`, `client_name`, `address`, `phone`, `email`, `whatsapp`, `rating`) VALUES
(166, 'SAMINDA NANAYAKKARA', '323,Waduweliwitiya (North)1', '0776228943', 'saminda2n@gmail.com', '0776228943', 5),
(168, 'SAMAN KUMARA', '323,Waduweliwitiya (North)', '0776228589', '', '0776228589', 5),
(178, 'Kasun Lakmal', '323,Waduweliwitiya (North)', '0726228943', 'saminda2n@gmail.com', '0726228943', 5),
(180, 'SAMINDA NANAYAKKARAyujh', '323,Waduweliwitiya (North)', '07762283333', 'saminda2n@gmail.com', '077622894388888', 3),
(185, 'Waruni Kanchana', 'Galle', '0786228943', 'saminda2n@gmail.com', '0786228943', 5);

-- --------------------------------------------------------

--
-- Table structure for table `invoices`
--

CREATE TABLE `invoices` (
  `invoice_id` int(11) NOT NULL,
  `invoice_number` varchar(50) NOT NULL,
  `client_id` int(11) NOT NULL,
  `user_id` int(11) NOT NULL,
  `invoice_date` date NOT NULL,
  `sub_total` decimal(10,2) NOT NULL DEFAULT 0.00,
  `tax_amount` decimal(10,2) NOT NULL DEFAULT 0.00,
  `grand_total` decimal(10,2) NOT NULL DEFAULT 0.00,
  `payment_status` enum('Paid','Pending','Unpaid') NOT NULL DEFAULT 'Pending',
  `invoice_terms` text DEFAULT NULL,
  `created_at` timestamp NOT NULL DEFAULT current_timestamp()
) ENGINE=InnoDB DEFAULT CHARSET=utf8mb4 COLLATE=utf8mb4_general_ci;

--
-- Dumping data for table `invoices`
--

INSERT INTO `invoices` (`invoice_id`, `invoice_number`, `client_id`, `user_id`, `invoice_date`, `sub_total`, `tax_amount`, `grand_total`, `payment_status`, `invoice_terms`, `created_at`) VALUES
(2, 'KINV-20250001', 178, 2, '2025-12-05', 14000.00, 0.00, 14000.00, 'Pending', '1. වගකීම් කාලය (Warranty Period) අදාළ භාණ්ඩය සඳහා ඉන්වොයිසියේ සඳහන් දින සිට වලංගු වේ.\r\n2. වගකීම් සේවාව ලබාගැනීම සඳහා මෙම ඉන්වොයිස්පත (Original Invoice) ඉදිරිපත් කිරීම අනිවාර්ය වේ.\r\n3. භෞතික හානි (Physical Damages), දියර හානි (Liquid Damages), විදුලි දෝෂ (Power Issues), සහ අකුණු ගැසීම් (Lightning) සඳහා වගකීම් සේවාව අදාළ නොවේ.\r\n4. මෘදුකාංග (Software) සහ මෙහෙයුම් පද්ධති (OS) සඳහා වගකීම් සේවාව හිමි නොවේ.\r\n5. කිසිඳු හේතුවක් මත මුදල් ආපසු ගෙවීමක් (Refund) සිදු නොකරනු ලැබේ.\r\n6. වගකීම් කාලය තුළ අලුත්වැඩියා කරනු ලබන භාණ්ඩ නැවත භාරදීමේදී සිදුවන ප්‍රමාද දෝෂ සඳහා ආයතනය වගකියනු නොලැබේ.', '2025-12-05 17:35:47'),
(3, 'KINV-20250002', 166, 2, '2025-12-05', 14500.00, 0.00, 14500.00, 'Pending', '1. වගකීම් කාලය (Warranty Period) අදාළ භාණ්ඩය සඳහා ඉන්වොයිසියේ සඳහන් දින සිට වලංගු වේ.\r\n2. වගකීම් සේවාව ලබාගැනීම සඳහා මෙම ඉන්වොයිස්පත (Original Invoice) ඉදිරිපත් කිරීම අනිවාර්ය වේ.\r\n3. භෞතික හානි (Physical Damages), දියර හානි (Liquid Damages), විදුලි දෝෂ (Power Issues), සහ අකුණු ගැසීම් (Lightning) සඳහා වගකීම් සේවාව අදාළ නොවේ.\r\n4. මෘදුකාංග (Software) සහ මෙහෙයුම් පද්ධති (OS) සඳහා වගකීම් සේවාව හිමි නොවේ.\r\n5. කිසිඳු හේතුවක් මත මුදල් ආපසු ගෙවීමක් (Refund) සිදු නොකරනු ලැබේ.\r\n6. වගකීම් කාලය තුළ අලුත්වැඩියා කරනු ලබන භාණ්ඩ නැවත භාරදීමේදී සිදුවන ප්‍රමාද දෝෂ සඳහා ආයතනය වගකියනු නොලැබේ.', '2025-12-05 18:23:33'),
(4, 'KINV-20250003', 178, 2, '2025-12-05', 52500.00, 0.00, 52500.00, 'Pending', '1. වගකීම් කාලය (Warranty Period) අදාළ භාණ්ඩය සඳහා ඉන්වොයිසියේ සඳහන් දින සිට වලංගු වේ.\r\n2. වගකීම් සේවාව ලබාගැනීම සඳහා මෙම ඉන්වොයිස්පත (Original Invoice) ඉදිරිපත් කිරීම අනිවාර්ය වේ.\r\n3. භෞතික හානි (Physical Damages), දියර හානි (Liquid Damages), විදුලි දෝෂ (Power Issues), සහ අකුණු ගැසීම් (Lightning) සඳහා වගකීම් සේවාව අදාළ නොවේ.\r\n4. මෘදුකාංග (Software) සහ මෙහෙයුම් පද්ධති (OS) සඳහා වගකීම් සේවාව හිමි නොවේ.\r\n5. කිසිඳු හේතුවක් මත මුදල් ආපසු ගෙවීමක් (Refund) සිදු නොකරනු ලැබේ.\r\n6. වගකීම් කාලය තුළ අලුත්වැඩියා කරනු ලබන භාණ්ඩ නැවත භාරදීමේදී සිදුවන ප්‍රමාද දෝෂ සඳහා ආයතනය වගකියනු නොලැබේ.', '2025-12-05 18:37:26'),
(5, 'KINV-20250004', 178, 2, '2025-12-05', 28500.00, 0.00, 28500.00, 'Pending', '1. වගකීම් කාලය (Warranty Period) අදාළ භාණ්ඩය සඳහා ඉන්වොයිසියේ සඳහන් දින සිට වලංගු වේ.\r\n2. වගකීම් සේවාව ලබාගැනීම සඳහා මෙම ඉන්වොයිස්පත (Original Invoice) ඉදිරිපත් කිරීම අනිවාර්ය වේ.\r\n3. භෞතික හානි (Physical Damages), දියර හානි (Liquid Damages), විදුලි දෝෂ (Power Issues), සහ අකුණු ගැසීම් (Lightning) සඳහා වගකීම් සේවාව අදාළ නොවේ.\r\n4. මෘදුකාංග (Software) සහ මෙහෙයුම් පද්ධති (OS) සඳහා වගකීම් සේවාව හිමි නොවේ.\r\n5. කිසිඳු හේතුවක් මත මුදල් ආපසු ගෙවීමක් (Refund) සිදු නොකරනු ලැබේ.\r\n6. වගකීම් කාලය තුළ අලුත්වැඩියා කරනු ලබන භාණ්ඩ නැවත භාරදීමේදී සිදුවන ප්‍රමාද දෝෂ සඳහා ආයතනය වගකියනු නොලැබේ.', '2025-12-05 18:39:33'),
(6, 'KINV-20250005', 168, 2, '2025-12-05', 30000.00, 0.00, 30000.00, 'Pending', '1. වගකීම් කාලය (Warranty Period) අදාළ භාණ්ඩය සඳහා ඉන්වොයිසියේ සඳහන් දින සිට වලංගු වේ.\r\n2. වගකීම් සේවාව ලබාගැනීම සඳහා මෙම ඉන්වොයිස්පත (Original Invoice) ඉදිරිපත් කිරීම අනිවාර්ය වේ.\r\n3. භෞතික හානි (Physical Damages), දියර හානි (Liquid Damages), විදුලි දෝෂ (Power Issues), සහ අකුණු ගැසීම් (Lightning) සඳහා වගකීම් සේවාව අදාළ නොවේ.\r\n4. මෘදුකාංග (Software) සහ මෙහෙයුම් පද්ධති (OS) සඳහා වගකීම් සේවාව හිමි නොවේ.\r\n5. කිසිඳු හේතුවක් මත මුදල් ආපසු ගෙවීමක් (Refund) සිදු නොකරනු ලැබේ.\r\n6. වගකීම් කාලය තුළ අලුත්වැඩියා කරනු ලබන භාණ්ඩ නැවත භාරදීමේදී සිදුවන ප්‍රමාද දෝෂ සඳහා ආයතනය වගකියනු නොලැබේ.', '2025-12-05 19:28:55'),
(7, 'KINV-20250006', 168, 2, '2025-12-05', 26000.00, 0.00, 26000.00, 'Paid', '1. වගකීම් කාලය (Warranty Period) අදාළ භාණ්ඩය සඳහා ඉන්වොයිසියේ සඳහන් දින සිට වලංගු වේ.\r\n2. වගකීම් සේවාව ලබාගැනීම සඳහා මෙම ඉන්වොයිස්පත (Original Invoice) ඉදිරිපත් කිරීම අනිවාර්ය වේ.\r\n3. භෞතික හානි (Physical Damages), දියර හානි (Liquid Damages), විදුලි දෝෂ (Power Issues), සහ අකුණු ගැසීම් (Lightning) සඳහා වගකීම් සේවාව අදාළ නොවේ.\r\n4. මෘදුකාංග (Software) සහ මෙහෙයුම් පද්ධති (OS) සඳහා වගකීම් සේවාව හිමි නොවේ.\r\n5. කිසිඳු හේතුවක් මත මුදල් ආපසු ගෙවීමක් (Refund) සිදු නොකරනු ලැබේ.\r\n6. වගකීම් කාලය තුළ අලුත්වැඩියා කරනු ලබන භාණ්ඩ නැවත භාරදීමේදී සිදුවන ප්‍රමාද දෝෂ සඳහා ආයතනය වගකියනු නොලැබේ.', '2025-12-05 19:53:36'),
(8, 'KINV-20250007', 168, 2, '2025-12-05', 28500.00, 0.00, 28500.00, 'Pending', '1. වගකීම් කාලය (Warranty Period) අදාළ භාණ්ඩය සඳහා ඉන්වොයිසියේ සඳහන් දින සිට වලංගු වේ.\r\n2. වගකීම් සේවාව ලබාගැනීම සඳහා මෙම ඉන්වොයිස්පත (Original Invoice) ඉදිරිපත් කිරීම අනිවාර්ය වේ.\r\n3. භෞතික හානි (Physical Damages), දියර හානි (Liquid Damages), විදුලි දෝෂ (Power Issues), සහ අකුණු ගැසීම් (Lightning) සඳහා වගකීම් සේවාව අදාළ නොවේ.\r\n4. මෘදුකාංග (Software) සහ මෙහෙයුම් පද්ධති (OS) සඳහා වගකීම් සේවාව හිමි නොවේ.\r\n5. කිසිඳු හේතුවක් මත මුදල් ආපසු ගෙවීමක් (Refund) සිදු නොකරනු ලැබේ.\r\n6. වගකීම් කාලය තුළ අලුත්වැඩියා කරනු ලබන භාණ්ඩ නැවත භාරදීමේදී සිදුවන ප්‍රමාද දෝෂ සඳහා ආයතනය වගකියනු නොලැබේ.', '2025-12-05 20:18:04'),
(9, 'KINV-20250008', 180, 2, '2025-12-06', 14000.00, 0.00, 14000.00, 'Pending', '1. වගකීම් කාලය (Warranty Period) අදාළ භාණ්ඩය සඳහා ඉන්වොයිසියේ සඳහන් දින සිට වලංගු වේ.\r\n2. වගකීම් සේවාව ලබාගැනීම සඳහා මෙම ඉන්වොයිස්පත (Original Invoice) ඉදිරිපත් කිරීම අනිවාර්ය වේ.\r\n3. භෞතික හානි (Physical Damages), දියර හානි (Liquid Damages), විදුලි දෝෂ (Power Issues), සහ අකුණු ගැසීම් (Lightning) සඳහා වගකීම් සේවාව අදාළ නොවේ.\r\n4. මෘදුකාංග (Software) සහ මෙහෙයුම් පද්ධති (OS) සඳහා වගකීම් සේවාව හිමි නොවේ.\r\n5. කිසිඳු හේතුවක් මත මුදල් ආපසු ගෙවීමක් (Refund) සිදු නොකරනු ලැබේ.\r\n6. වගකීම් කාලය තුළ අලුත්වැඩියා කරනු ලබන භාණ්ඩ නැවත භාරදීමේදී සිදුවන ප්‍රමාද දෝෂ සඳහා ආයතනය වගකියනු නොලැබේ.', '2025-12-06 18:44:30'),
(10, 'KINV-20250009', 168, 2, '2025-12-07', 408500.00, 0.00, 408500.00, 'Unpaid', '1. වගකීම් කාලය (Warranty Period) අදාළ භාණ්ඩ සඳහා ඉන්වොයිසියේ සඳහන් දින සිට වලංගු වේ.\r\n2. වගකීම් සේවාව ලබාගැනීම සඳහා මෙම ඉන්වොයිස්පත (Original Invoice) ඉදිරිපත් කිරීම අනිවාර්ය වේ.\r\n3. භෞතික හානි (Physical Damages), දියර හානි (Liquid Damages), විදුලි දෝෂ (Power Issues), සහ අකුණු ගැසීම් (Lightning) සඳහා වගකීම් සේවාව අදාළ නොවේ.\r\n4. මෘදුකාංග (Software) සහ මෙහෙයුම් පද්ධති (OS) සඳහා වගකීම් සේවාව හිමි නොවේ.\r\n5. කිසිඳු හේතුවක් මත මුදල් ආපසු ගෙවීමක් (Refund) සිදු නොකරනු ලැබේ.\r\n6. වගකීම් කාලය තුළ අලුත්වැඩියා කරනු ලබන භාණ්ඩ නැවත භාරදීමේදී සිදුවන ප්‍රමාද දෝෂ සඳහා ආයතනය වගකියනු නොලැබේ.', '2025-12-07 07:15:23'),
(11, 'KINV-20250010', 168, 2, '2025-12-07', 408500.00, 0.00, 408500.00, 'Pending', '1. වගකීම් කාලය (Warranty Period) අදාළ භාණ්ඩ සඳහා ඉන්වොයිසියේ සඳහන් දින සිට වලංගු වේ.\r\n2. වගකීම් සේවාව ලබාගැනීම සඳහා මෙම ඉන්වොයිස්පත (Original Invoice) ඉදිරිපත් කිරීම අනිවාර්ය වේ.\r\n3. භෞතික හානි (Physical Damages), දියර හානි (Liquid Damages), විදුලි දෝෂ (Power Issues), සහ අකුණු ගැසීම් (Lightning) සඳහා වගකීම් සේවාව අදාළ නොවේ.\r\n4. මෘදුකාංග (Software) සහ මෙහෙයුම් පද්ධති (OS) සඳහා වගකීම් සේවාව හිමි නොවේ.\r\n5. කිසිඳු හේතුවක් මත මුදල් ආපසු ගෙවීමක් (Refund) සිදු නොකරනු ලැබේ.\r\n6. වගකීම් කාලය තුළ අලුත්වැඩියා කරනු ලබන භාණ්ඩ නැවත භාරදීමේදී සිදුවන ප්‍රමාද දෝෂ සඳහා ආයතනය වගකියනු නොලැබේ.', '2025-12-07 07:16:27'),
(12, 'KINV-20250011', 178, 2, '2025-12-07', 201500.00, 0.00, 201500.00, 'Pending', '1. වගකීම් කාලය (Warranty Period) අදාළ භාණ්ඩ සඳහා ඉන්වොයිසියේ සඳහන් දින සිට වලංගු වේ.\r\n2. වගකීම් සේවාව ලබාගැනීම සඳහා මෙම ඉන්වොයිස්පත (Original Invoice) ඉදිරිපත් කිරීම අනිවාර්ය වේ.\r\n3. භෞතික හානි (Physical Damages), දියර හානි (Liquid Damages), විදුලි දෝෂ (Power Issues), සහ අකුණු ගැසීම් (Lightning) සඳහා වගකීම් සේවාව අදාළ නොවේ.\r\n4. මෘදුකාංග (Software) සහ මෙහෙයුම් පද්ධති (OS) සඳහා වගකීම් සේවාව හිමි නොවේ.\r\n5. කිසිඳු හේතුවක් මත මුදල් ආපසු ගෙවීමක් (Refund) සිදු නොකරනු ලැබේ.\r\n6. වගකීම් කාලය තුළ අලුත්වැඩියා කරනු ලබන භාණ්ඩ නැවත භාරදීමේදී සිදුවන ප්‍රමාද දෝෂ සඳහා ආයතනය වගකියනු නොලැබේ.', '2025-12-07 07:19:24'),
(14, 'KINV-20250012', 178, 2, '2025-12-07', 14000.00, 0.00, 14000.00, 'Pending', '1. වගකීම් කාලය (Warranty Period) අදාළ භාණ්ඩ සඳහා ඉන්වොයිසියේ සඳහන් දින සිට වලංගු වේ.\r\n2. වගකීම් සේවාව ලබාගැනීම සඳහා මෙම ඉන්වොයිස්පත (Original Invoice) ඉදිරිපත් කිරීම අනිවාර්ය වේ.\r\n3. භෞතික හානි (Physical Damages), දියර හානි (Liquid Damages), විදුලි දෝෂ (Power Issues), සහ අකුණු ගැසීම් (Lightning) සඳහා වගකීම් සේවාව අදාළ නොවේ.\r\n4. මෘදුකාංග (Software) සහ මෙහෙයුම් පද්ධති (OS) සඳහා වගකීම් සේවාව හිමි නොවේ.\r\n5. කිසිඳු හේතුවක් මත මුදල් ආපසු ගෙවීමක් (Refund) සිදු නොකරනු ලැබේ.\r\n6. වගකීම් කාලය තුළ අලුත්වැඩියා කරනු ලබන භාණ්ඩ නැවත භාරදීමේදී සිදුවන ප්‍රමාද දෝෂ සඳහා ආයතනය වගකියනු නොලැබේ.', '2025-12-07 07:22:24'),
(15, 'KINV-20250013', 178, 2, '2025-12-07', 40500.00, 0.00, 40500.00, 'Paid', '1. වගකීම් කාලය (Warranty Period) අදාළ භාණ්ඩ සඳහා ඉන්වොයිසියේ සඳහන් දින සිට වලංගු වේ.\r\n2. වගකීම් සේවාව ලබාගැනීම සඳහා මෙම ඉන්වොයිස්පත (Original Invoice) ඉදිරිපත් කිරීම අනිවාර්ය වේ.\r\n3. භෞතික හානි (Physical Damages), දියර හානි (Liquid Damages), විදුලි දෝෂ (Power Issues), සහ අකුණු ගැසීම් (Lightning) සඳහා වගකීම් සේවාව අදාළ නොවේ.\r\n4. මෘදුකාංග (Software) සහ මෙහෙයුම් පද්ධති (OS) සඳහා වගකීම් සේවාව හිමි නොවේ.\r\n5. කිසිඳු හේතුවක් මත මුදල් ආපසු ගෙවීමක් (Refund) සිදු නොකරනු ලැබේ.\r\n6. වගකීම් කාලය තුළ අලුත්වැඩියා කරනු ලබන භාණ්ඩ නැවත භාරදීමේදී සිදුවන ප්‍රමාද දෝෂ සඳහා ආයතනය වගකියනු නොලැබේ.', '2025-12-07 08:54:22'),
(16, 'KINV-20250014', 166, 2, '2025-12-07', 96000.00, 0.00, 96000.00, 'Pending', '1. වගකීම් කාලය (Warranty Period) අදාළ භාණ්ඩ සඳහා ඉන්වොයිසියේ සඳහන් දින සිට වලංගු වේ.\r\n2. වගකීම් සේවාව ලබාගැනීම සඳහා මෙම ඉන්වොයිස්පත (Original Invoice) ඉදිරිපත් කිරීම අනිවාර්ය වේ.\r\n3. භෞතික හානි (Physical Damages), දියර හානි (Liquid Damages), විදුලි දෝෂ (Power Issues), සහ අකුණු ගැසීම් (Lightning) සඳහා වගකීම් සේවාව අදාළ නොවේ.\r\n4. මෘදුකාංග (Software) සහ මෙහෙයුම් පද්ධති (OS) සඳහා වගකීම් සේවාව හිමි නොවේ.\r\n5. කිසිඳු හේතුවක් මත මුදල් ආපසු ගෙවීමක් (Refund) සිදු නොකරනු ලැබේ.\r\n6. වගකීම් කාලය තුළ අලුත්වැඩියා කරනු ලබන භාණ්ඩ නැවත භාරදීමේදී සිදුවන ප්‍රමාද දෝෂ සඳහා ආයතනය වගකියනු නොලැබේ.', '2025-12-07 09:42:34'),
(17, 'KINV-20250015', 166, 3, '2025-12-07', 96000.00, 0.00, 96000.00, 'Paid', '1. වගකීම් කාලය (Warranty Period) අදාළ භාණ්ඩ සඳහා ඉන්වොයිසියේ සඳහන් දින සිට වලංගු වේ.\r\n2. වගකීම් සේවාව ලබාගැනීම සඳහා මෙම ඉන්වොයිස්පත (Original Invoice) ඉදිරිපත් කිරීම අනිවාර්ය වේ.\r\n3. භෞතික හානි (Physical Damages), දියර හානි (Liquid Damages), විදුලි දෝෂ (Power Issues), සහ අකුණු ගැසීම් (Lightning) සඳහා වගකීම් සේවාව අදාළ නොවේ.\r\n4. මෘදුකාංග (Software) සහ මෙහෙයුම් පද්ධති (OS) සඳහා වගකීම් සේවාව හිමි නොවේ.\r\n5. කිසිඳු හේතුවක් මත මුදල් ආපසු ගෙවීමක් (Refund) සිදු නොකරනු ලැබේ.\r\n6. වගකීම් කාලය තුළ අලුත්වැඩියා කරනු ලබන භාණ්ඩ නැවත භාරදීමේදී සිදුවන ප්‍රමාද දෝෂ සඳහා ආයතනය වගකියනු නොලැබේ.', '2025-12-07 09:43:22'),
(18, 'KINV-20250016', 178, 2, '2025-12-07', 110000.00, 0.00, 110000.00, 'Pending', '1. වගකීම් කාලය (Warranty Period) අදාළ භාණ්ඩ සඳහා ඉන්වොයිසියේ සඳහන් දින සිට වලංගු වේ.\r\n2. වගකීම් සේවාව ලබාගැනීම සඳහා මෙම ඉන්වොයිස්පත (Original Invoice) ඉදිරිපත් කිරීම අනිවාර්ය වේ.\r\n3. භෞතික හානි (Physical Damages), දියර හානි (Liquid Damages), විදුලි දෝෂ (Power Issues), සහ අකුණු ගැසීම් (Lightning) සඳහා වගකීම් සේවාව අදාළ නොවේ.\r\n4. මෘදුකාංග (Software) සහ මෙහෙයුම් පද්ධති (OS) සඳහා වගකීම් සේවාව හිමි නොවේ.\r\n5. කිසිඳු හේතුවක් මත මුදල් ආපසු ගෙවීමක් (Refund) සිදු නොකරනු ලැබේ.\r\n6. වගකීම් කාලය තුළ අලුත්වැඩියා කරනු ලබන භාණ්ඩ නැවත භාරදීමේදී සිදුවන ප්‍රමාද දෝෂ සඳහා ආයතනය වගකියනු නොලැබේ.', '2025-12-07 09:56:08'),
(19, 'KINV-20250017', 166, 2, '2025-12-07', 144000.00, 0.00, 144000.00, 'Pending', '1. වගකීම් කාලය (Warranty Period) අදාළ භාණ්ඩ සඳහා ඉන්වොයිසියේ සඳහන් දින සිට වලංගු වේ.\r\n2. වගකීම් සේවාව ලබාගැනීම සඳහා මෙම ඉන්වොයිස්පත (Original Invoice) ඉදිරිපත් කිරීම අනිවාර්ය වේ.\r\n3. භෞතික හානි (Physical Damages), දියර හානි (Liquid Damages), විදුලි දෝෂ (Power Issues), සහ අකුණු ගැසීම් (Lightning) සඳහා වගකීම් සේවාව අදාළ නොවේ.\r\n4. මෘදුකාංග (Software) සහ මෙහෙයුම් පද්ධති (OS) සඳහා වගකීම් සේවාව හිමි නොවේ.\r\n5. කිසිඳු හේතුවක් මත මුදල් ආපසු ගෙවීමක් (Refund) සිදු නොකරනු ලැබේ.\r\n6. වගකීම් කාලය තුළ අලුත්වැඩියා කරනු ලබන භාණ්ඩ නැවත භාරදීමේදී සිදුවන ප්‍රමාද දෝෂ සඳහා ආයතනය වගකියනු නොලැබේ.', '2025-12-07 10:08:05');

-- --------------------------------------------------------

--
-- Table structure for table `invoice_items`
--

CREATE TABLE `invoice_items` (
  `item_id` int(11) NOT NULL,
  `invoice_id` int(11) NOT NULL,
  `product_id` int(11) NOT NULL,
  `item_name` varchar(255) NOT NULL COMMENT 'Product name at time of sale',
  `serial_number` varchar(255) DEFAULT NULL,
  `quantity` decimal(10,2) NOT NULL,
  `unit_price` decimal(10,2) NOT NULL COMMENT 'Sell price at time of sale',
  `buy_price` decimal(10,2) NOT NULL COMMENT 'Buy price at time of sale'
) ENGINE=InnoDB DEFAULT CHARSET=utf8mb4 COLLATE=utf8mb4_general_ci;

--
-- Dumping data for table `invoice_items`
--

INSERT INTO `invoice_items` (`item_id`, `invoice_id`, `product_id`, `item_name`, `serial_number`, `quantity`, `unit_price`, `buy_price`) VALUES
(3, 2, 38, 'Hikvision 1000 VA UPS', '', 1.00, 14000.00, 12000.00),
(4, 3, 40, 'Hikvision 1000 VA UPS', '55255', 1.00, 14500.00, 12500.00),
(5, 4, 38, 'Hikvision 1000 VA UPS', '', 1.00, 14000.00, 12000.00),
(6, 4, 39, 'Windows Install', '', 10.00, 3500.00, 2500.00),
(7, 4, 39, 'Windows Install', '', 1.00, 3500.00, 2500.00),
(8, 5, 38, 'Hikvision 1000 VA UPS', '', 1.00, 14000.00, 12000.00),
(9, 5, 40, 'Hikvision 1000 VA UPS', '', 1.00, 14500.00, 12500.00),
(10, 6, 40, 'Hikvision 1000 VA UPS', '55255', 1.00, 14500.00, 12500.00),
(11, 6, 39, 'Windows Install', '55544', 1.00, 3500.00, 2500.00),
(12, 6, 41, 'Hikvision 1000 VA UPS fdgdfg sdgsdgdfg sdf', '44174', 1.00, 12000.00, 14000.00),
(13, 7, 38, 'Hikvision 1000 VA UPS', '', 1.00, 14000.00, 12000.00),
(14, 7, 41, 'Hikvision 1000 VA UPS fdgdfg sdgsdgdfg sdf', '', 1.00, 12000.00, 14000.00),
(15, 8, 38, 'Hikvision 1000 VA UPS', '55255', 1.00, 14000.00, 12000.00),
(16, 8, 40, 'Hikvision 1000 VA UPS', '55544', 1.00, 14500.00, 12500.00),
(17, 9, 38, 'Hikvision 1000 VA UPS', '', 1.00, 14000.00, 12000.00),
(18, 10, 38, 'Hikvision 1000 VA UPS', '', 1.00, 14000.00, 12000.00),
(19, 10, 40, 'Hikvision 1000 VA UPS', '', 1.00, 14500.00, 12500.00),
(20, 10, 39, 'Windows Install', '', 100.00, 3500.00, 2500.00),
(21, 10, 39, 'Windows Install', '', 1.00, 3500.00, 2500.00),
(22, 10, 40, 'Hikvision 1000 VA UPS', '', 1.00, 14500.00, 12500.00),
(23, 10, 41, 'Hikvision 1000 VA UPS fdgdfg sdgsdgdfg sdf', '', 1.00, 12000.00, 14000.00),
(24, 11, 38, 'Hikvision 1000 VA UPS', '', 1.00, 14000.00, 12000.00),
(25, 11, 40, 'Hikvision 1000 VA UPS', '', 1.00, 14500.00, 12500.00),
(26, 11, 39, 'Windows Install', '', 100.00, 3500.00, 2500.00),
(27, 11, 39, 'Windows Install', '', 1.00, 3500.00, 2500.00),
(28, 11, 40, 'Hikvision 1000 VA UPS', '', 1.00, 14500.00, 12500.00),
(29, 11, 41, 'Hikvision 1000 VA UPS fdgdfg sdgsdgdfg sdf', '', 1.00, 12000.00, 14000.00),
(30, 12, 38, 'Hikvision 1000 VA UPS', '55255', 10.00, 14000.00, 12000.00),
(31, 12, 39, 'Windows Install', '55544', 10.00, 3500.00, 2500.00),
(32, 12, 40, 'Hikvision 1000 VA UPS', '44174', 1.00, 14500.00, 12500.00),
(33, 12, 41, 'Hikvision 1000 VA UPS fdgdfg sdgsdgdfg sdf', '5555', 1.00, 12000.00, 14000.00),
(40, 14, 38, 'Hikvision 1000 VA UPS', '55255 360 days warranty', 1.00, 14000.00, 12000.00),
(41, 15, 38, 'Hikvision 1000 VA UPS', '', 1.00, 14000.00, 12000.00),
(42, 15, 41, 'Hikvision 1000 VA UPS fdgdfg sdgsdgdfg sdf', '', 1.00, 12000.00, 14000.00),
(43, 15, 40, 'Hikvision 1000 VA UPS', '', 1.00, 14500.00, 12500.00),
(44, 16, 43, 'Hikvision 3K Camara', '', 8.00, 12000.00, 10000.00),
(45, 17, 43, 'Hikvision 3K Camara', '', 8.00, 12000.00, 10000.00),
(46, 18, 43, 'Hikvision 3K Camara', '', 8.00, 12000.00, 10000.00),
(47, 18, 38, 'Hikvision 1000 VA UPS', '', 1.00, 14000.00, 12000.00),
(48, 19, 43, 'Hikvision 3K Camara', '', 2.00, 12000.00, 10000.00),
(49, 19, 43, 'Hikvision 3K Camara', '', 10.00, 12000.00, 10000.00);

-- --------------------------------------------------------

--
-- Table structure for table `products`
--

CREATE TABLE `products` (
  `product_id` int(11) NOT NULL,
  `product_code` varchar(50) NOT NULL,
  `product_name` varchar(255) NOT NULL,
  `description` text DEFAULT NULL,
  `buy_price` decimal(10,2) NOT NULL DEFAULT 0.00,
  `sell_price` decimal(10,2) NOT NULL DEFAULT 0.00,
  `stock_quantity` int(11) NOT NULL DEFAULT 0,
  `image_path` varchar(255) DEFAULT NULL,
  `category_id` int(11) DEFAULT NULL,
  `supplier_id` int(11) DEFAULT NULL,
  `created_at` timestamp NOT NULL DEFAULT current_timestamp()
) ENGINE=InnoDB DEFAULT CHARSET=utf8mb4 COLLATE=utf8mb4_general_ci;

--
-- Dumping data for table `products`
--

INSERT INTO `products` (`product_id`, `product_code`, `product_name`, `description`, `buy_price`, `sell_price`, `stock_quantity`, `image_path`, `category_id`, `supplier_id`, `created_at`) VALUES
(38, 'KWP-035505', 'Hikvision 1000 VA UPS', 'Power. UPS Capacity. 1000 VA / 600 W · Input. Input Voltage Range. 140 VAC to 290 VAC · Output. Output Frequency. 50/60 Hz ± 0.5 Hz self-adaptive', 12000.00, 14000.00, -21, 'uploads/products/prod_69328f6b98bd0.jpg', 85, 23, '2025-12-05 07:53:15'),
(39, 'KWS-640070', 'Windows Install', 'The price to install Windows varies greatly depending on whether you are buying a new license or having a service install it. A new Windows 11 Home license from Microsoft is around $139 and a Pro license is around $199. If you have a legitimate Windows 10', 2500.00, 3500.00, -224, 'uploads/products/prod_693290c87f35e.png', 105, NULL, '2025-12-05 07:59:04'),
(40, 'KWP-508362', 'Hikvision 1000 VA UPS', 'Power. UPS Capacity. 1000 VA / 600 W · Input. Input Voltage Range. 140 VAC to 290 VAC · Output. Output Frequency. 50/60 Hz ± 0.5 Hz self-adaptive', 12500.00, 14500.00, -10, 'uploads/products/prod_6932dbd26958a.jpg', 85, 17, '2025-12-05 13:19:14'),
(41, 'KWP-143699', 'Hikvision 1000 VA UPS fdgdfg sdgsdgdfg sdf', 'Power. UPS Capacity. 1000 VA / 600 W · Input. Input Voltage Range. 140 VAC to 290 VAC · Output. Output Frequency. 50/60 Hz ± 0.5 Hz self-adaptive', 14000.00, 12000.00, 94, 'uploads/products/prod_6932dc3223c2c.jpg', 85, 35, '2025-12-05 13:20:36'),
(42, 'KWP-992538', 'ram', '', 4500.00, 550.00, 0, 'uploads/products/prod_6933393150073.jpg', 28, 39, '2025-12-05 19:57:21'),
(43, 'KWP-856364', 'Hikvision 3K Camara', 'Hikvision DS-2CE10KF0T-FS High quality imaging with 3K, 2960 × 1665 resolution,24/7 color imaging with F1.0 aperture,Water and dust resistant (IP67),High quality audio with audio over coaxial cable, built-in mic', 10000.00, 12000.00, 64, 'uploads/products/prod_69354b2c77012.webp', 85, 35, '2025-12-07 09:38:52');

-- --------------------------------------------------------

--
-- Table structure for table `quotations`
--

CREATE TABLE `quotations` (
  `quotation_id` int(11) NOT NULL,
  `quotation_number` varchar(50) NOT NULL,
  `client_id` int(11) NOT NULL,
  `user_id` int(11) NOT NULL,
  `quotation_date` date NOT NULL,
  `valid_until` date DEFAULT NULL,
  `sub_total` decimal(10,2) NOT NULL DEFAULT 0.00,
  `tax_amount` decimal(10,2) NOT NULL DEFAULT 0.00,
  `grand_total` decimal(10,2) NOT NULL DEFAULT 0.00,
  `status` enum('Pending','Accepted','Rejected') NOT NULL DEFAULT 'Pending',
  `quotation_terms` text DEFAULT NULL,
  `created_at` timestamp NOT NULL DEFAULT current_timestamp()
) ENGINE=InnoDB DEFAULT CHARSET=utf8mb4 COLLATE=utf8mb4_general_ci;

--
-- Dumping data for table `quotations`
--

INSERT INTO `quotations` (`quotation_id`, `quotation_number`, `client_id`, `user_id`, `quotation_date`, `valid_until`, `sub_total`, `tax_amount`, `grand_total`, `status`, `quotation_terms`, `created_at`) VALUES
(9, 'QUO-2025-0008', 168, 2, '2025-12-05', NULL, 14000.00, 0.00, 14000.00, 'Pending', '1. වගකීම් කාලය (Warranty Period) අදාළ භාණ්ඩය සඳහා ඉන්වොයිසියේ සඳහන් දින සිට වලංගු වේ.\r\n2. වගකීම් සේවාව ලබාගැනීම සඳහා මෙම ඉන්වොයිස්පත (Original Invoice) ඉදිරිපත් කිරීම අනිවාර්ය වේ.\r\n3. භෞතික හානි (Physical Damages), දියර හානි (Liquid Damages), විදුලි දෝෂ (Power Issues), සහ අකුණු ගැසීම් (Lightning) සඳහා වගකීම් සේවාව අදාළ නොවේ.\r\n4. මෘදුකාංග (Software) සහ මෙහෙයුම් පද්ධති (OS) සඳහා වගකීම් සේවාව හිමි නොවේ.\r\n5. කිසිඳු හේතුවක් මත මුදල් ආපසු ගෙවීමක් (Refund) සිදු නොකරනු ලැබේ.\r\n6. වගකීම් කාලය තුළ අලුත්වැඩියා කරනු ලබන භාණ්ඩ නැවත භාරදීමේදී සිදුවන ප්‍රමාද දෝෂ සඳහා ආයතනය වගකියනු නොලැබේ.', '2025-12-05 17:56:06'),
(10, 'QUO-2025-0009', 166, 2, '2025-12-05', NULL, 14500.00, 0.00, 14500.00, 'Pending', '1. වගකීම් කාලය (Warranty Period) අදාළ භාණ්ඩය සඳහා ඉන්වොයිසියේ සඳහන් දින සිට වලංගු වේ.\r\n2. වගකීම් සේවාව ලබාගැනීම සඳහා මෙම ඉන්වොයිස්පත (Original Invoice) ඉදිරිපත් කිරීම අනිවාර්ය වේ.\r\n3. භෞතික හානි (Physical Damages), දියර හානි (Liquid Damages), විදුලි දෝෂ (Power Issues), සහ අකුණු ගැසීම් (Lightning) සඳහා වගකීම් සේවාව අදාළ නොවේ.\r\n4. මෘදුකාංග (Software) සහ මෙහෙයුම් පද්ධති (OS) සඳහා වගකීම් සේවාව හිමි නොවේ.\r\n5. කිසිඳු හේතුවක් මත මුදල් ආපසු ගෙවීමක් (Refund) සිදු නොකරනු ලැබේ.\r\n6. වගකීම් කාලය තුළ අලුත්වැඩියා කරනු ලබන භාණ්ඩ නැවත භාරදීමේදී සිදුවන ප්‍රමාද දෝෂ සඳහා ආයතනය වගකියනු නොලැබේ.', '2025-12-05 17:56:15'),
(12, 'QUO-2025-0011', 168, 2, '2025-12-05', NULL, 14500.00, 0.00, 14500.00, 'Pending', '1. වගකීම් කාලය (Warranty Period) අදාළ භාණ්ඩය සඳහා ඉන්වොයිසියේ සඳහන් දින සිට වලංගු වේ.\r\n2. වගකීම් සේවාව ලබාගැනීම සඳහා මෙම ඉන්වොයිස්පත (Original Invoice) ඉදිරිපත් කිරීම අනිවාර්ය වේ.\r\n3. භෞතික හානි (Physical Damages), දියර හානි (Liquid Damages), විදුලි දෝෂ (Power Issues), සහ අකුණු ගැසීම් (Lightning) සඳහා වගකීම් සේවාව අදාළ නොවේ.\r\n4. මෘදුකාංග (Software) සහ මෙහෙයුම් පද්ධති (OS) සඳහා වගකීම් සේවාව හිමි නොවේ.\r\n5. කිසිඳු හේතුවක් මත මුදල් ආපසු ගෙවීමක් (Refund) සිදු නොකරනු ලැබේ.\r\n6. වගකීම් කාලය තුළ අලුත්වැඩියා කරනු ලබන භාණ්ඩ නැවත භාරදීමේදී සිදුවන ප්‍රමාද දෝෂ සඳහා ආයතනය වගකියනු නොලැබේ.', '2025-12-05 17:56:37'),
(13, 'QUO-2025-0012', 168, 2, '2025-12-05', NULL, 3500.00, 0.00, 3500.00, 'Accepted', '1. වගකීම් කාලය (Warranty Period) අදාළ භාණ්ඩය සඳහා ඉන්වොයිසියේ සඳහන් දින සිට වලංගු වේ.\r\n2. වගකීම් සේවාව ලබාගැනීම සඳහා මෙම ඉන්වොයිස්පත (Original Invoice) ඉදිරිපත් කිරීම අනිවාර්ය වේ.\r\n3. භෞතික හානි (Physical Damages), දියර හානි (Liquid Damages), විදුලි දෝෂ (Power Issues), සහ අකුණු ගැසීම් (Lightning) සඳහා වගකීම් සේවාව අදාළ නොවේ.\r\n4. මෘදුකාංග (Software) සහ මෙහෙයුම් පද්ධති (OS) සඳහා වගකීම් සේවාව හිමි නොවේ.\r\n5. කිසිඳු හේතුවක් මත මුදල් ආපසු ගෙවීමක් (Refund) සිදු නොකරනු ලැබේ.\r\n6. වගකීම් කාලය තුළ අලුත්වැඩියා කරනු ලබන භාණ්ඩ නැවත භාරදීමේදී සිදුවන ප්‍රමාද දෝෂ සඳහා ආයතනය වගකියනු නොලැබේ.', '2025-12-05 17:57:03'),
(14, 'QUO-2025-0013', 166, 2, '2025-12-05', NULL, 14500.00, 0.00, 14500.00, 'Accepted', '1. වගකීම් කාලය (Warranty Period) අදාළ භාණ්ඩය සඳහා ඉන්වොයිසියේ සඳහන් දින සිට වලංගු වේ.\r\n2. වගකීම් සේවාව ලබාගැනීම සඳහා මෙම ඉන්වොයිස්පත (Original Invoice) ඉදිරිපත් කිරීම අනිවාර්ය වේ.\r\n3. භෞතික හානි (Physical Damages), දියර හානි (Liquid Damages), විදුලි දෝෂ (Power Issues), සහ අකුණු ගැසීම් (Lightning) සඳහා වගකීම් සේවාව අදාළ නොවේ.\r\n4. මෘදුකාංග (Software) සහ මෙහෙයුම් පද්ධති (OS) සඳහා වගකීම් සේවාව හිමි නොවේ.\r\n5. කිසිඳු හේතුවක් මත මුදල් ආපසු ගෙවීමක් (Refund) සිදු නොකරනු ලැබේ.\r\n6. වගකීම් කාලය තුළ අලුත්වැඩියා කරනු ලබන භාණ්ඩ නැවත භාරදීමේදී සිදුවන ප්‍රමාද දෝෂ සඳහා ආයතනය වගකියනු නොලැබේ.', '2025-12-05 17:57:19'),
(15, 'QUO-2025-0014', 168, 2, '2025-12-05', NULL, 14000.00, 0.00, 14000.00, 'Rejected', '1. වගකීම් කාලය (Warranty Period) අදාළ භාණ්ඩය සඳහා ඉන්වොයිසියේ සඳහන් දින සිට වලංගු වේ.\r\n2. වගකීම් සේවාව ලබාගැනීම සඳහා මෙම ඉන්වොයිස්පත (Original Invoice) ඉදිරිපත් කිරීම අනිවාර්ය වේ.\r\n3. භෞතික හානි (Physical Damages), දියර හානි (Liquid Damages), විදුලි දෝෂ (Power Issues), සහ අකුණු ගැසීම් (Lightning) සඳහා වගකීම් සේවාව අදාළ නොවේ.\r\n4. මෘදුකාංග (Software) සහ මෙහෙයුම් පද්ධති (OS) සඳහා වගකීම් සේවාව හිමි නොවේ.\r\n5. කිසිඳු හේතුවක් මත මුදල් ආපසු ගෙවීමක් (Refund) සිදු නොකරනු ලැබේ.\r\n6. වගකීම් කාලය තුළ අලුත්වැඩියා කරනු ලබන භාණ්ඩ නැවත භාරදීමේදී සිදුවන ප්‍රමාද දෝෂ සඳහා ආයතනය වගකියනු නොලැබේ.', '2025-12-05 18:14:31'),
(16, 'QUO-2025-0015', 178, 2, '2025-12-05', NULL, 14000.00, 0.00, 14000.00, 'Accepted', '1. වගකීම් කාලය (Warranty Period) අදාළ භාණ්ඩය සඳහා ඉන්වොයිසියේ සඳහන් දින සිට වලංගු වේ.\r\n2. වගකීම් සේවාව ලබාගැනීම සඳහා මෙම ඉන්වොයිස්පත (Original Invoice) ඉදිරිපත් කිරීම අනිවාර්ය වේ.\r\n3. භෞතික හානි (Physical Damages), දියර හානි (Liquid Damages), විදුලි දෝෂ (Power Issues), සහ අකුණු ගැසීම් (Lightning) සඳහා වගකීම් සේවාව අදාළ නොවේ.\r\n4. මෘදුකාංග (Software) සහ මෙහෙයුම් පද්ධති (OS) සඳහා වගකීම් සේවාව හිමි නොවේ.\r\n5. කිසිඳු හේතුවක් මත මුදල් ආපසු ගෙවීමක් (Refund) සිදු නොකරනු ලැබේ.\r\n6. වගකීම් කාලය තුළ අලුත්වැඩියා කරනු ලබන භාණ්ඩ නැවත භාරදීමේදී සිදුවන ප්‍රමාද දෝෂ සඳහා ආයතනය වගකියනු නොලැබේ.', '2025-12-05 18:17:46'),
(18, 'QUO-2025-0016', 178, 2, '2025-12-05', NULL, 52500.00, 0.00, 52500.00, 'Accepted', '1. වගකීම් කාලය (Warranty Period) අදාළ භාණ්ඩය සඳහා ඉන්වොයිසියේ සඳහන් දින සිට වලංගු වේ.\r\n2. වගකීම් සේවාව ලබාගැනීම සඳහා මෙම ඉන්වොයිස්පත (Original Invoice) ඉදිරිපත් කිරීම අනිවාර්ය වේ.\r\n3. භෞතික හානි (Physical Damages), දියර හානි (Liquid Damages), විදුලි දෝෂ (Power Issues), සහ අකුණු ගැසීම් (Lightning) සඳහා වගකීම් සේවාව අදාළ නොවේ.\r\n4. මෘදුකාංග (Software) සහ මෙහෙයුම් පද්ධති (OS) සඳහා වගකීම් සේවාව හිමි නොවේ.\r\n5. කිසිඳු හේතුවක් මත මුදල් ආපසු ගෙවීමක් (Refund) සිදු නොකරනු ලැබේ.\r\n6. වගකීම් කාලය තුළ අලුත්වැඩියා කරනු ලබන භාණ්ඩ නැවත භාරදීමේදී සිදුවන ප්‍රමාද දෝෂ සඳහා ආයතනය වගකියනු නොලැබේ.', '2025-12-05 18:34:05'),
(19, 'QUO-2025-0017', 178, 2, '2025-12-05', NULL, 28500.00, 0.00, 28500.00, 'Accepted', '1. වගකීම් කාලය (Warranty Period) අදාළ භාණ්ඩය සඳහා ඉන්වොයිසියේ සඳහන් දින සිට වලංගු වේ.\r\n2. වගකීම් සේවාව ලබාගැනීම සඳහා මෙම ඉන්වොයිස්පත (Original Invoice) ඉදිරිපත් කිරීම අනිවාර්ය වේ.\r\n3. භෞතික හානි (Physical Damages), දියර හානි (Liquid Damages), විදුලි දෝෂ (Power Issues), සහ අකුණු ගැසීම් (Lightning) සඳහා වගකීම් සේවාව අදාළ නොවේ.\r\n4. මෘදුකාංග (Software) සහ මෙහෙයුම් පද්ධති (OS) සඳහා වගකීම් සේවාව හිමි නොවේ.\r\n5. කිසිඳු හේතුවක් මත මුදල් ආපසු ගෙවීමක් (Refund) සිදු නොකරනු ලැබේ.\r\n6. වගකීම් කාලය තුළ අලුත්වැඩියා කරනු ලබන භාණ්ඩ නැවත භාරදීමේදී සිදුවන ප්‍රමාද දෝෂ සඳහා ආයතනය වගකියනු නොලැබේ.', '2025-12-05 18:39:11'),
(20, 'QUO-2025-0018', 168, 2, '2025-12-05', NULL, 30000.00, 0.00, 30000.00, 'Accepted', '1. වගකීම් කාලය (Warranty Period) අදාළ භාණ්ඩය සඳහා ඉන්වොයිසියේ සඳහන් දින සිට වලංගු වේ.\r\n2. වගකීම් සේවාව ලබාගැනීම සඳහා මෙම ඉන්වොයිස්පත (Original Invoice) ඉදිරිපත් කිරීම අනිවාර්ය වේ.\r\n3. භෞතික හානි (Physical Damages), දියර හානි (Liquid Damages), විදුලි දෝෂ (Power Issues), සහ අකුණු ගැසීම් (Lightning) සඳහා වගකීම් සේවාව අදාළ නොවේ.\r\n4. මෘදුකාංග (Software) සහ මෙහෙයුම් පද්ධති (OS) සඳහා වගකීම් සේවාව හිමි නොවේ.\r\n5. කිසිඳු හේතුවක් මත මුදල් ආපසු ගෙවීමක් (Refund) සිදු නොකරනු ලැබේ.\r\n6. වගකීම් කාලය තුළ අලුත්වැඩියා කරනු ලබන භාණ්ඩ නැවත භාරදීමේදී සිදුවන ප්‍රමාද දෝෂ සඳහා ආයතනය වගකියනු නොලැබේ.', '2025-12-05 18:45:17'),
(22, 'QUO-2025-0020', 168, 2, '2025-12-05', '2025-12-13', 28500.00, 0.00, 28500.00, 'Accepted', '1. වගකීම් කාලය (Warranty Period) අදාළ භාණ්ඩය සඳහා ඉන්වොයිසියේ සඳහන් දින සිට වලංගු වේ.\r\n2. වගකීම් සේවාව ලබාගැනීම සඳහා මෙම ඉන්වොයිස්පත (Original Invoice) ඉදිරිපත් කිරීම අනිවාර්ය වේ.\r\n3. භෞතික හානි (Physical Damages), දියර හානි (Liquid Damages), විදුලි දෝෂ (Power Issues), සහ අකුණු ගැසීම් (Lightning) සඳහා වගකීම් සේවාව අදාළ නොවේ.\r\n4. මෘදුකාංග (Software) සහ මෙහෙයුම් පද්ධති (OS) සඳහා වගකීම් සේවාව හිමි නොවේ.\r\n5. කිසිඳු හේතුවක් මත මුදල් ආපසු ගෙවීමක් (Refund) සිදු නොකරනු ලැබේ.\r\n6. වගකීම් කාලය තුළ අලුත්වැඩියා කරනු ලබන භාණ්ඩ නැවත භාරදීමේදී සිදුවන ප්‍රමාද දෝෂ සඳහා ආයතනය වගකියනු නොලැබේ.', '2025-12-05 20:17:37'),
(66, 'QUO-2025-0021', 168, 2, '2025-12-06', '2025-12-20', 28500.00, 0.00, 28500.00, 'Pending', '1. වගකීම් කාලය (Warranty Period) අදාළ භාණ්ඩය සඳහා ඉන්වොයිසියේ සඳහන් දින සිට වලංගු වේ.\r\n2. වගකීම් සේවාව ලබාගැනීම සඳහා මෙම ඉන්වොයිස්පත (Original Invoice) ඉදිරිපත් කිරීම අනිවාර්ය වේ.\r\n3. භෞතික හානි (Physical Damages), දියර හානි (Liquid Damages), විදුලි දෝෂ (Power Issues), සහ අකුණු ගැසීම් (Lightning) සඳහා වගකීම් සේවාව අදාළ නොවේ.\r\n4. මෘදුකාංග (Software) සහ මෙහෙයුම් පද්ධති (OS) සඳහා වගකීම් සේවාව හිමි නොවේ.\r\n5. කිසිඳු හේතුවක් මත මුදල් ආපසු ගෙවීමක් (Refund) සිදු නොකරනු ලැබේ.\r\n6. වගකීම් කාලය තුළ අලුත්වැඩියා කරනු ලබන භාණ්ඩ නැවත භාරදීමේදී සිදුවන ප්‍රමාද දෝෂ සඳහා ආයතනය වගකියනු නොලැබේ.', '2025-12-06 18:32:16'),
(69, 'QUO-2025-0024', 168, 2, '2025-12-06', '2025-12-20', 28500.00, 0.00, 28500.00, 'Pending', '1. වගකීම් කාලය (Warranty Period) අදාළ භාණ්ඩය සඳහා ඉන්වොයිසියේ සඳහන් දින සිට වලංගු වේ.\r\n2. වගකීම් සේවාව ලබාගැනීම සඳහා මෙම ඉන්වොයිස්පත (Original Invoice) ඉදිරිපත් කිරීම අනිවාර්ය වේ.\r\n3. භෞතික හානි (Physical Damages), දියර හානි (Liquid Damages), විදුලි දෝෂ (Power Issues), සහ අකුණු ගැසීම් (Lightning) සඳහා වගකීම් සේවාව අදාළ නොවේ.\r\n4. මෘදුකාංග (Software) සහ මෙහෙයුම් පද්ධති (OS) සඳහා වගකීම් සේවාව හිමි නොවේ.\r\n5. කිසිඳු හේතුවක් මත මුදල් ආපසු ගෙවීමක් (Refund) සිදු නොකරනු ලැබේ.\r\n6. වගකීම් කාලය තුළ අලුත්වැඩියා කරනු ලබන භාණ්ඩ නැවත භාරදීමේදී සිදුවන ප්‍රමාද දෝෂ සඳහා ආයතනය වගකියනු නොලැබේ.', '2025-12-06 18:46:01'),
(70, 'QUO-2025-0025', 168, 2, '2025-12-06', '2025-12-20', 32500.00, 0.00, 32500.00, 'Pending', '1. වගකීම් කාලය (Warranty Period) අදාළ භාණ්ඩය සඳහා ඉන්වොයිසියේ සඳහන් දින සිට වලංගු වේ.\r\n2. වගකීම් සේවාව ලබාගැනීම සඳහා මෙම ඉන්වොයිස්පත (Original Invoice) ඉදිරිපත් කිරීම අනිවාර්ය වේ.\r\n3. භෞතික හානි (Physical Damages), දියර හානි (Liquid Damages), විදුලි දෝෂ (Power Issues), සහ අකුණු ගැසීම් (Lightning) සඳහා වගකීම් සේවාව අදාළ නොවේ.\r\n4. මෘදුකාංග (Software) සහ මෙහෙයුම් පද්ධති (OS) සඳහා වගකීම් සේවාව හිමි නොවේ.\r\n5. කිසිඳු හේතුවක් මත මුදල් ආපසු ගෙවීමක් (Refund) සිදු නොකරනු ලැබේ.\r\n6. වගකීම් කාලය තුළ අලුත්වැඩියා කරනු ලබන භාණ්ඩ නැවත භාරදීමේදී සිදුවන ප්‍රමාද දෝෂ සඳහා ආයතනය වගකියනු නොලැබේ.', '2025-12-06 18:54:09'),
(71, 'QUO-2025-0026', 168, 2, '2025-12-06', '2025-12-20', 29550.00, 0.00, 29550.00, 'Accepted', '1. වගකීම් කාලය (Warranty Period) අදාළ භාණ්ඩය සඳහා ඉන්වොයිසියේ සඳහන් දින සිට වලංගු වේ.\r\n2. වගකීම් සේවාව ලබාගැනීම සඳහා මෙම ඉන්වොයිස්පත (Original Invoice) ඉදිරිපත් කිරීම අනිවාර්ය වේ.\r\n3. භෞතික හානි (Physical Damages), දියර හානි (Liquid Damages), විදුලි දෝෂ (Power Issues), සහ අකුණු ගැසීම් (Lightning) සඳහා වගකීම් සේවාව අදාළ නොවේ.\r\n4. මෘදුකාංග (Software) සහ මෙහෙයුම් පද්ධති (OS) සඳහා වගකීම් සේවාව හිමි නොවේ.\r\n5. කිසිඳු හේතුවක් මත මුදල් ආපසු ගෙවීමක් (Refund) සිදු නොකරනු ලැබේ.\r\n6. වගකීම් කාලය තුළ අලුත්වැඩියා කරනු ලබන භාණ්ඩ නැවත භාරදීමේදී සිදුවන ප්‍රමාද දෝෂ සඳහා ආයතනය වගකියනු නොලැබේ.', '2025-12-06 19:08:12'),
(72, 'QUO-2025-0027', 168, 2, '2025-12-06', '2025-12-20', 46500.00, 0.00, 46500.00, 'Accepted', '1. වගකීම් කාලය (Warranty Period) අදාළ භාණ්ඩය සඳහා ඉන්වොයිසියේ සඳහන් දින සිට වලංගු වේ.\r\n2. වගකීම් සේවාව ලබාගැනීම සඳහා මෙම ඉන්වොයිස්පත (Original Invoice) ඉදිරිපත් කිරීම අනිවාර්ය වේ.\r\n3. භෞතික හානි (Physical Damages), දියර හානි (Liquid Damages), විදුලි දෝෂ (Power Issues), සහ අකුණු ගැසීම් (Lightning) සඳහා වගකීම් සේවාව අදාළ නොවේ.\r\n4. මෘදුකාංග (Software) සහ මෙහෙයුම් පද්ධති (OS) සඳහා වගකීම් සේවාව හිමි නොවේ.\r\n5. කිසිඳු හේතුවක් මත මුදල් ආපසු ගෙවීමක් (Refund) සිදු නොකරනු ලැබේ.\r\n6. වගකීම් කාලය තුළ අලුත්වැඩියා කරනු ලබන භාණ්ඩ නැවත භාරදීමේදී සිදුවන ප්‍රමාද දෝෂ සඳහා ආයතනය වගකියනු නොලැබේ.', '2025-12-06 19:08:38'),
(73, 'QUO-2025-0028', 168, 2, '2025-12-06', '2025-12-20', 46500.00, 0.00, 46500.00, 'Pending', '1. වගකීම් කාලය (Warranty Period) අදාළ භාණ්ඩය සඳහා ඉන්වොයිසියේ සඳහන් දින සිට වලංගු වේ.\r\n2. වගකීම් සේවාව ලබාගැනීම සඳහා මෙම ඉන්වොයිස්පත (Original Invoice) ඉදිරිපත් කිරීම අනිවාර්ය වේ.\r\n3. භෞතික හානි (Physical Damages), දියර හානි (Liquid Damages), විදුලි දෝෂ (Power Issues), සහ අකුණු ගැසීම් (Lightning) සඳහා වගකීම් සේවාව අදාළ නොවේ.\r\n4. මෘදුකාංග (Software) සහ මෙහෙයුම් පද්ධති (OS) සඳහා වගකීම් සේවාව හිමි නොවේ.\r\n5. කිසිඳු හේතුවක් මත මුදල් ආපසු ගෙවීමක් (Refund) සිදු නොකරනු ලැබේ.\r\n6. වගකීම් කාලය තුළ අලුත්වැඩියා කරනු ලබන භාණ්ඩ නැවත භාරදීමේදී සිදුවන ප්‍රමාද දෝෂ සඳහා ආයතනය වගකියනු නොලැබේ.', '2025-12-06 19:39:07'),
(74, 'QUO-2025-0029', 168, 2, '2025-12-06', NULL, 123050.00, 0.00, 123050.00, 'Pending', '1. වගකීම් කාලය (Warranty Period) අදාළ භාණ්ඩ සඳහා ඉන්වොයිසියේ සඳහන් දින සිට වලංගු වේ.\r\n2. වගකීම් සේවාව ලබාගැනීම සඳහා මෙම ඉන්වොයිස්පත (Original Invoice) ඉදිරිපත් කිරීම අනිවාර්ය වේ.\r\n3. භෞතික හානි (Physical Damages), දියර හානි (Liquid Damages), විදුලි දෝෂ (Power Issues), සහ අකුණු ගැසීම් (Lightning) සඳහා වගකීම් සේවාව අදාළ නොවේ.\r\n4. මෘදුකාංග (Software) සහ මෙහෙයුම් පද්ධති (OS) සඳහා වගකීම් සේවාව හිමි නොවේ.\r\n5. කිසිඳු හේතුවක් මත මුදල් ආපසු ගෙවීමක් (Refund) සිදු නොකරනු ලැබේ.\r\n6. වගකීම් කාලය තුළ අලුත්වැඩියා කරනු ලබන භාණ්ඩ නැවත භාරදීමේදී සිදුවන ප්‍රමාද දෝෂ සඳහා ආයතනය වගකියනු නොලැබේ.', '2025-12-06 19:44:21'),
(75, 'QUO-2025-0030', 168, 2, '2025-12-06', '2025-12-20', 72000.00, 0.00, 72000.00, 'Pending', '1. වගකීම් කාලය (Warranty Period) අදාළ භාණ්ඩ සඳහා ඉන්වොයිසියේ සඳහන් දින සිට වලංගු වේ.\r\n2. වගකීම් සේවාව ලබාගැනීම සඳහා මෙම ඉන්වොයිස්පත (Original Invoice) ඉදිරිපත් කිරීම අනිවාර්ය වේ.\r\n3. භෞතික හානි (Physical Damages), දියර හානි (Liquid Damages), විදුලි දෝෂ (Power Issues), සහ අකුණු ගැසීම් (Lightning) සඳහා වගකීම් සේවාව අදාළ නොවේ.\r\n4. මෘදුකාංග (Software) සහ මෙහෙයුම් පද්ධති (OS) සඳහා වගකීම් සේවාව හිමි නොවේ.\r\n5. කිසිඳු හේතුවක් මත මුදල් ආපසු ගෙවීමක් (Refund) සිදු නොකරනු ලැබේ.\r\n6. වගකීම් කාලය තුළ අලුත්වැඩියා කරනු ලබන භාණ්ඩ නැවත භාරදීමේදී සිදුවන ප්‍රමාද දෝෂ සඳහා ආයතනය වගකියනු නොලැබේ.', '2025-12-06 19:44:33'),
(76, 'QUO-2025-0031', 168, 2, '2025-12-06', '2025-12-20', 72000.00, 0.00, 72000.00, 'Pending', '1. වගකීම් කාලය (Warranty Period) අදාළ භාණ්ඩ සඳහා ඉන්වොයිසියේ සඳහන් දින සිට වලංගු වේ.\r\n2. වගකීම් සේවාව ලබාගැනීම සඳහා මෙම ඉන්වොයිස්පත (Original Invoice) ඉදිරිපත් කිරීම අනිවාර්ය වේ.\r\n3. භෞතික හානි (Physical Damages), දියර හානි (Liquid Damages), විදුලි දෝෂ (Power Issues), සහ අකුණු ගැසීම් (Lightning) සඳහා වගකීම් සේවාව අදාළ නොවේ.\r\n4. මෘදුකාංග (Software) සහ මෙහෙයුම් පද්ධති (OS) සඳහා වගකීම් සේවාව හිමි නොවේ.\r\n5. කිසිඳු හේතුවක් මත මුදල් ආපසු ගෙවීමක් (Refund) සිදු නොකරනු ලැබේ.\r\n6. වගකීම් කාලය තුළ අලුත්වැඩියා කරනු ලබන භාණ්ඩ නැවත භාරදීමේදී සිදුවන ප්‍රමාද දෝෂ සඳහා ආයතනය වගකියනු නොලැබේ.', '2025-12-06 19:46:16'),
(77, 'QUO-2025-0032', 168, 2, '2025-12-06', NULL, 14500.00, 0.00, 14500.00, 'Rejected', '1. වගකීම් කාලය (Warranty Period) අදාළ භාණ්ඩ සඳහා ඉන්වොයිසියේ සඳහන් දින සිට වලංගු වේ.\r\n2. වගකීම් සේවාව ලබාගැනීම සඳහා මෙම ඉන්වොයිස්පත (Original Invoice) ඉදිරිපත් කිරීම අනිවාර්ය වේ.\r\n3. භෞතික හානි (Physical Damages), දියර හානි (Liquid Damages), විදුලි දෝෂ (Power Issues), සහ අකුණු ගැසීම් (Lightning) සඳහා වගකීම් සේවාව අදාළ නොවේ.\r\n4. මෘදුකාංග (Software) සහ මෙහෙයුම් පද්ධති (OS) සඳහා වගකීම් සේවාව හිමි නොවේ.\r\n5. කිසිඳු හේතුවක් මත මුදල් ආපසු ගෙවීමක් (Refund) සිදු නොකරනු ලැබේ.\r\n6. වගකීම් කාලය තුළ අලුත්වැඩියා කරනු ලබන භාණ්ඩ නැවත භාරදීමේදී සිදුවන ප්‍රමාද fhgදෝෂ සඳහා ආයතනය වගකියනු නොලැබේ.', '2025-12-06 19:47:08'),
(78, 'QUO-2025-0033', 166, 2, '2025-12-06', NULL, 3500.00, 0.00, 3500.00, 'Pending', '1. වගකීම් කාලය (Warranty Period) අදාළ භාණ්ඩ සඳහා ඉන්වොයිසියේ සඳහන් දින සිට වලංගු වේ.\r\n2. වගකීම් සේවාව ලබාගැනීම සඳහා මෙම ඉන්වොයිස්පත (Original Invoice) ඉදිරිපත් කිරීම අනිවාර්ය වේ.\r\n3. භෞතික හානි (Physical Damages), දියර හානි (Liquid Damages), විදුලි දෝෂ (Power Issues), සහ අකුණු ගැසීම් (Lightning) සඳහා වගකීම් සේවාව අදාළ නොවේ.\r\n4. මෘදුකාංග (Software) සහ මෙහෙයුම් පද්ධති (OS) සඳහා වගකීම් සේවාව හිමි නොවේ.\r\n5. කිසිඳු හේතුවක් මත මුදල් ආපසු ගෙවීමක් (Refund) සිදු නොකරනු ලැබේ.\r\n6. වගකීම් කාලය තුළ අලුත්වැඩියා කරනු ලබන භාණ්ඩ නැවත භාරදීමේදී සිදුවන ප්‍රමාද දෝෂ සඳහා ආයතනය වගකියනු නොලැබේ.', '2025-12-06 19:47:50'),
(79, 'QUO-2025-0034', 166, 2, '2025-12-06', NULL, 12000.00, 0.00, 12000.00, 'Rejected', '1. වගකීම් කාලය (Warranty Period) අදාළ භාණ්ඩ සඳහා ඉන්වොයිසියේ සඳහන් දින සිට වලංගු වේ.\r\n2. වගකීම් සේවාව ලබාගැනීම සඳහා මෙම ඉන්වොයිස්පත (Original Invoice) ඉදිරිපත් කිරීම අනිවාර්ය වේ.\r\n3. භෞතික හානි (Physical Damages), දියර හානි (Liquid Damages), විදුලි දෝෂ (Power Issues), සහ අකුණු ගැසීම් (Lightning) සඳහා වගකීම් සේවාව අදාළ නොවේ.\r\n4. මෘදුකාංග (Software) සහ මෙහෙයුම් පද්ධති (OS) සඳහා වගකීම් සේවාව හිමි නොවේ.\r\n5. කිසිඳු හේතුවක් මත මුදල් ආපසු ගෙවීමක් (Refund) සිදු නොකරනු ලැබේ.\r\n6. වගකීම් කාලය තුළ අලුත්වැඩියා කරනු ලබන භාණ්ඩ නැවත භාරදීමේදී සිදුවන ප්‍රමාද දෝෂ සඳහා ආයතනය වගකියනු නොලැබේ.', '2025-12-06 19:48:19'),
(80, 'QUO-2025-0035', 166, 2, '2025-12-06', '2025-12-13', 1478050.00, 0.00, 1478050.00, 'Pending', '1. වගකීම් කාලය (Warranty Period) අදාළ භාණ්ඩ සඳහා ඉන්වොයිසියේ සඳහන් දින සිට වලංගු වේ.\r\n2. වගකීම් සේවාව ලබාගැනීම සඳහා මෙම ඉන්වොයිස්පත (Original Invoice) ඉදිරිපත් කිරීම අනිවාර්ය වේ.\r\n3. භෞතික හානි (Physical Damages), දියර හානි (Liquid Damages), විදුලි දෝෂ (Power Issues), සහ අකුණු ගැසීම් (Lightning) සඳහා වගකීම් සේවාව අදාළ නොවේ.\r\n4. මෘදුකාංග (Software) සහ මෙහෙයුම් පද්ධති (OS) සඳහා වගකීම් සේවාව හිමි නොවේ.\r\n5. කිසිඳු හේතුවක් මත මුදල් ආපසු ගෙවීමක් (Refund) සිදු නොකරනු ලැබේ.\r\n6. වගකීම් කාලය තුළ අලුත්වැඩියා කරනු ලබන භාණ්ඩ නැවත භාරදීමේදී සිදුවන ප්‍රමාද දෝෂ සඳහා ආයතනය වගකියනු නොලැබේ.', '2025-12-06 19:48:37'),
(81, 'QUO-2025-0036', 168, 2, '2025-12-06', '2025-12-14', 59000.00, 0.00, 59000.00, 'Accepted', '1. වගකීම් කාලය (Warranty Period) අදාළ භාණ්ඩ සඳහා ඉන්වොයිසියේ සඳහන් දින සිට වලංගු වේ.\r\n2. වගකීම් සේවාව ලබාගැනීම සඳහා මෙම ඉන්වොයිස්පත (Original Invoice) ඉදිරිපත් කිරීම අනිවාර්ය වේ.\r\n3. භෞතික හානි (Physical Damages), දියර හානි (Liquid Damages), විදුලි දෝෂ (Power Issues), සහ අකුණු ගැසීම් (Lightning) සඳහා වගකීම් සේවාව අදාළ නොවේ.\r\n4. මෘදුකාංග (Software) සහ මෙහෙයුම් පද්ධති (OS) සඳහා වගකීම් සේවාව හිමි නොවේ.\r\n5. කිසිඳු හේතුවක් මත මුදල් ආපසු ගෙවීමක් (Refund) සිදු නොකරනු ලැබේ.\r\n6. වගකීම් කාලය තුළ අලුත්වැඩියා කරනු ලබන භාණ්ඩ නැවත භාරදීමේදී සිදුවන ප්‍රමාද දෝෂ සඳහා ආයතනය වගකියනු නොලැබේ.', '2025-12-06 21:21:51'),
(82, 'QUO-2025-0037', 166, 2, '2025-12-06', '2025-12-14', 43000.00, 0.00, 43000.00, 'Rejected', '1. වගකීම් කාලය (Warranty Period) අදාළ භාණ්ඩ සඳහා ඉන්වොයිසියේ සඳහන් දින සිට වලංගු වේ.\r\n2. වගකීම් සේවාව ලබාගැනීම සඳහා මෙම ඉන්වොයිස්පත (Original Invoice) ඉදිරිපත් කිරීම අනිවාර්ය වේ.\r\n3. භෞතික හානි (Physical Damages), දියර හානි (Liquid Damages), විදුලි දෝෂ (Power Issues), සහ අකුණු ගැසීම් (Lightning) සඳහා වගකීම් සේවාව අදාළ නොවේ.\r\n4. මෘදුකාංග (Software) සහ මෙහෙයුම් පද්ධති (OS) සඳහා වගකීම් සේවාව හිමි නොවේ.\r\n5. කිසිඳු හේතුවක් මත මුදල් ආපසු ගෙවීමක් (Refund) සිදු නොකරනු ලැබේ.\r\n6. වගකීම් කාලය තුළ අලුත්වැඩියා කරනු ලබන භාණ්ඩ නැවත භාරදීමේදී සිදුවන ප්‍රමාද දෝෂ සඳහා ආයතනය වගකියනු නොලැබේ.', '2025-12-06 21:25:16'),
(99, 'QUO-2025-0038', 166, 2, '2025-12-07', '2025-12-14', 144000.00, 0.00, 144000.00, 'Pending', '1. වගකීම් කාලය (Warranty Period) අදාළ භාණ්ඩ සඳහා ඉන්වොයිසියේ සඳහන් දින සිට වලංගු වේ.\r\n2. වගකීම් සේවාව ලබාගැනීම සඳහා මෙම ඉන්වොයිස්පත (Original Invoice) ඉදිරිපත් කිරීම අනිවාර්ය වේ.\r\n3. භෞතික හානි (Physical Damages), දියර හානි (Liquid Damages), විදුලි දෝෂ (Power Issues), සහ අකුණු ගැසීම් (Lightning) සඳහා වගකීම් සේවාව අදාළ නොවේ.\r\n4. මෘදුකාංග (Software) සහ මෙහෙයුම් පද්ධති (OS) සඳහා වගකීම් සේවාව හිමි නොවේ.\r\n5. කිසිඳු හේතුවක් මත මුදල් ආපසු ගෙවීමක් (Refund) සිදු නොකරනු ලැබේ.\r\n6. වගකීම් කාලය තුළ අලුත්වැඩියා කරනු ලබන භාණ්ඩ නැවත භාරදීමේදී සිදුවන ප්‍රමාද දෝෂ සඳහා ආයතනය වගකියනු නොලැබේ.', '2025-12-07 09:39:49'),
(101, 'QUO-2025-0039', 166, 2, '2025-12-07', '2025-12-21', 144000.00, 0.00, 144000.00, 'Accepted', '1. වගකීම් කාලය (Warranty Period) අදාළ භාණ්ඩ සඳහා ඉන්වොයිසියේ සඳහන් දින සිට වලංගු වේ.\r\n2. වගකීම් සේවාව ලබාගැනීම සඳහා මෙම ඉන්වොයිස්පත (Original Invoice) ඉදිරිපත් කිරීම අනිවාර්ය වේ.\r\n3. භෞතික හානි (Physical Damages), දියර හානි (Liquid Damages), විදුලි දෝෂ (Power Issues), සහ අකුණු ගැසීම් (Lightning) සඳහා වගකීම් සේවාව අදාළ නොවේ.\r\n4. මෘදුකාංග (Software) සහ මෙහෙයුම් පද්ධති (OS) සඳහා වගකීම් සේවාව හිමි නොවේ.\r\n5. කිසිඳු හේතුවක් මත මුදල් ආපසු ගෙවීමක් (Refund) සිදු නොකරනු ලැබේ.\r\n6. වගකීම් කාලය තුළ අලුත්වැඩියා කරනු ලබන භාණ්ඩ නැවත භාරදීමේදී සිදුවන ප්‍රමාද දෝෂ සඳහා ආයතනය වගකියනු නොලැබේ.', '2025-12-07 09:44:50');

-- --------------------------------------------------------

--
-- Table structure for table `quotation_items`
--

CREATE TABLE `quotation_items` (
  `item_id` int(11) NOT NULL,
  `quotation_id` int(11) NOT NULL,
  `product_id` int(11) NOT NULL,
  `item_name` varchar(255) NOT NULL,
  `quantity` decimal(10,2) NOT NULL,
  `unit_price` decimal(10,2) NOT NULL,
  `buy_price` decimal(10,2) NOT NULL DEFAULT 0.00
) ENGINE=InnoDB DEFAULT CHARSET=utf8mb4 COLLATE=utf8mb4_general_ci;

--
-- Dumping data for table `quotation_items`
--

INSERT INTO `quotation_items` (`item_id`, `quotation_id`, `product_id`, `item_name`, `quantity`, `unit_price`, `buy_price`) VALUES
(30, 9, 38, 'Hikvision 1000 VA UPS', 1.00, 14000.00, 12000.00),
(31, 10, 40, 'Hikvision 1000 VA UPS', 1.00, 14500.00, 12500.00),
(33, 12, 40, 'Hikvision 1000 VA UPS', 1.00, 14500.00, 12500.00),
(34, 13, 39, 'Windows Install', 1.00, 3500.00, 2500.00),
(35, 14, 40, 'Hikvision 1000 VA UPS', 1.00, 14500.00, 12500.00),
(36, 15, 38, 'Hikvision 1000 VA UPS', 1.00, 14000.00, 12000.00),
(37, 16, 38, 'Hikvision 1000 VA UPS', 1.00, 14000.00, 12000.00),
(44, 18, 38, 'Hikvision 1000 VA UPS', 1.00, 14000.00, 12000.00),
(45, 18, 39, 'Windows Install', 10.00, 3500.00, 2500.00),
(46, 18, 39, 'Windows Install', 1.00, 3500.00, 2500.00),
(47, 19, 38, 'Hikvision 1000 VA UPS', 1.00, 14000.00, 12000.00),
(48, 19, 40, 'Hikvision 1000 VA UPS', 1.00, 14500.00, 12500.00),
(49, 20, 40, 'Hikvision 1000 VA UPS', 1.00, 14500.00, 12500.00),
(50, 20, 39, 'Windows Install', 1.00, 3500.00, 2500.00),
(51, 20, 41, 'Hikvision 1000 VA UPS fdgdfg sdgsdgdfg sdf', 1.00, 12000.00, 14000.00),
(54, 22, 38, 'Hikvision 1000 VA UPS', 1.00, 14000.00, 12000.00),
(55, 22, 40, 'Hikvision 1000 VA UPS', 1.00, 14500.00, 12500.00),
(56, 22, 0, '', 1.00, 0.00, 0.00),
(98, 66, 38, 'Hikvision 1000 VA UPS', 1.00, 14000.00, 12000.00),
(99, 66, 40, 'Hikvision 1000 VA UPS', 1.00, 14500.00, 12500.00),
(100, 66, 0, '', 1.00, 0.00, 0.00),
(103, 69, 38, 'Hikvision 1000 VA UPS', 1.00, 14000.00, 12000.00),
(104, 69, 40, 'Hikvision 1000 VA UPS', 1.00, 14500.00, 12500.00),
(105, 69, 0, '', 1.00, 0.00, 0.00),
(109, 70, 40, 'Hikvision 1000 VA UPS', 1.00, 14500.00, 12500.00),
(110, 70, 40, 'Hikvision 1000 VA UPS', 1.00, 14500.00, 12500.00),
(111, 70, 39, 'Windows Install', 1.00, 3500.00, 2500.00),
(118, 71, 40, 'Hikvision 1000 VA UPS', 1.00, 14500.00, 12500.00),
(119, 71, 40, 'Hikvision 1000 VA UPS', 1.00, 14500.00, 12500.00),
(120, 71, 42, 'ram', 1.00, 550.00, 4500.00),
(121, 72, 40, 'Hikvision 1000 VA UPS', 1.00, 14500.00, 12500.00),
(122, 72, 40, 'Hikvision 1000 VA UPS', 1.00, 14500.00, 12500.00),
(123, 72, 39, 'Windows Install', 1.00, 3500.00, 2500.00),
(124, 72, 38, 'Hikvision 1000 VA UPS', 1.00, 14000.00, 12000.00),
(125, 73, 40, 'Hikvision 1000 VA UPS', 1.00, 14500.00, 12500.00),
(126, 73, 40, 'Hikvision 1000 VA UPS', 1.00, 14500.00, 12500.00),
(127, 73, 39, 'Windows Install', 1.00, 3500.00, 2500.00),
(128, 73, 38, 'Hikvision 1000 VA UPS', 1.00, 14000.00, 12000.00),
(129, 74, 38, 'Hikvision 1000 VA UPS', 1.00, 14000.00, 12000.00),
(130, 74, 40, 'Hikvision 1000 VA UPS', 1.00, 14500.00, 12500.00),
(131, 74, 40, 'Hikvision 1000 VA UPS', 1.00, 14500.00, 12500.00),
(132, 74, 40, 'Hikvision 1000 VA UPS', 1.00, 14500.00, 12500.00),
(133, 74, 41, 'Hikvision 1000 VA UPS fdgdfg sdgsdgdfg sdf', 1.00, 12000.00, 14000.00),
(134, 74, 41, 'Hikvision 1000 VA UPS fdgdfg sdgsdgdfg sdf', 1.00, 12000.00, 14000.00),
(135, 74, 41, 'Hikvision 1000 VA UPS fdgdfg sdgsdgdfg sdf', 1.00, 12000.00, 14000.00),
(136, 74, 42, 'ram', 1.00, 550.00, 4500.00),
(137, 74, 40, 'Hikvision 1000 VA UPS', 1.00, 14500.00, 12500.00),
(138, 74, 40, 'Hikvision 1000 VA UPS', 1.00, 14500.00, 12500.00),
(158, 75, 38, 'Hikvision 1000 VA UPS', 1.00, 14000.00, 12000.00),
(159, 75, 40, 'Hikvision 1000 VA UPS', 1.00, 14500.00, 12500.00),
(160, 75, 40, 'Hikvision 1000 VA UPS', 1.00, 14500.00, 12500.00),
(161, 75, 40, 'Hikvision 1000 VA UPS', 1.00, 14500.00, 12500.00),
(162, 75, 40, 'Hikvision 1000 VA UPS', 1.00, 14500.00, 12500.00),
(163, 76, 38, 'Hikvision 1000 VA UPS', 1.00, 14000.00, 12000.00),
(164, 76, 40, 'Hikvision 1000 VA UPS', 1.00, 14500.00, 12500.00),
(165, 76, 40, 'Hikvision 1000 VA UPS', 1.00, 14500.00, 12500.00),
(166, 76, 40, 'Hikvision 1000 VA UPS', 1.00, 14500.00, 12500.00),
(167, 76, 40, 'Hikvision 1000 VA UPS', 1.00, 14500.00, 12500.00),
(168, 77, 40, 'Hikvision 1000 VA UPS', 1.00, 14500.00, 12500.00),
(169, 78, 39, 'Windows Install', 1.00, 3500.00, 2500.00),
(170, 79, 41, 'Hikvision 1000 VA UPS fdgdfg sdgsdgdfg sdf', 1.00, 12000.00, 14000.00),
(180, 80, 38, 'Hikvision 1000 VA UPS', 100.00, 14000.00, 12000.00),
(181, 80, 40, 'Hikvision 1000 VA UPS', 1.00, 14500.00, 12500.00),
(182, 80, 39, 'Windows Install', 1.00, 3500.00, 2500.00),
(183, 80, 40, 'Hikvision 1000 VA UPS', 1.00, 14500.00, 12500.00),
(184, 80, 42, 'ram', 1.00, 550.00, 4500.00),
(185, 80, 39, 'Windows Install', 1.00, 3500.00, 2500.00),
(186, 80, 41, 'Hikvision 1000 VA UPS fdgdfg sdgsdgdfg sdf', 1.00, 12000.00, 14000.00),
(187, 80, 39, 'Windows Install', 1.00, 3500.00, 2500.00),
(188, 80, 41, 'Hikvision 1000 VA UPS fdgdfg sdgsdgdfg sdf', 1.00, 12000.00, 14000.00),
(189, 80, 38, 'Hikvision 1000 VA UPS', 1.00, 14000.00, 12000.00),
(190, 81, 40, 'Hikvision 1000 VA UPS', 3.00, 14500.00, 12500.00),
(191, 81, 39, 'Windows Install', 1.00, 3500.00, 2500.00),
(192, 81, 41, 'Hikvision 1000 VA UPS fdgdfg sdgsdgdfg sdf', 1.00, 12000.00, 14000.00),
(212, 82, 38, 'Hikvision 1000 VA UPS', 1.00, 14000.00, 12000.00),
(213, 82, 39, 'Windows Install', 0.00, 3500.00, 2500.00),
(214, 82, 40, 'Hikvision 1000 VA UPS', 1.00, 14500.00, 12500.00),
(215, 82, 40, 'Hikvision 1000 VA UPS', 1.00, 14500.00, 12500.00),
(346, 99, 43, 'Hikvision 3K Camara', 2.00, 12000.00, 10000.00),
(347, 99, 43, 'Hikvision 3K Camara', 10.00, 12000.00, 10000.00),
(354, 101, 43, 'Hikvision 3K Camara', 2.00, 12000.00, 10000.00),
(355, 101, 43, 'Hikvision 3K Camara', 10.00, 12000.00, 10000.00);

-- --------------------------------------------------------

--
-- Table structure for table `services`
--

CREATE TABLE `services` (
  `service_id` int(11) NOT NULL,
  `service_code` varchar(50) NOT NULL,
  `service_name` varchar(255) NOT NULL,
  `description` text DEFAULT NULL,
  `sell_price` decimal(10,2) NOT NULL DEFAULT 0.00,
  `category_id` int(11) DEFAULT NULL,
  `created_at` timestamp NOT NULL DEFAULT current_timestamp(),
  `image_path` varchar(255) DEFAULT NULL
) ENGINE=InnoDB DEFAULT CHARSET=utf8mb4 COLLATE=utf8mb4_general_ci;

--
-- Dumping data for table `services`
--

INSERT INTO `services` (`service_id`, `service_code`, `service_name`, `description`, `sell_price`, `category_id`, `created_at`, `image_path`) VALUES
(1, 'KWS-184292', 'Windows Install', 'sfasfsf', 1500.00, NULL, '2025-12-04 14:28:30', NULL);

-- --------------------------------------------------------

--
-- Table structure for table `suppliers`
--

CREATE TABLE `suppliers` (
  `supplier_id` int(11) NOT NULL,
  `supplier_name` varchar(255) NOT NULL,
  `contact_no` varchar(20) NOT NULL,
  `address` text DEFAULT NULL,
  `created_at` timestamp NOT NULL DEFAULT current_timestamp()
) ENGINE=InnoDB DEFAULT CHARSET=utf8mb4 COLLATE=utf8mb4_general_ci;

--
-- Dumping data for table `suppliers`
--

INSERT INTO `suppliers` (`supplier_id`, `supplier_name`, `contact_no`, `address`, `created_at`) VALUES
(17, 'SELEX COMPUTER (PVT) LTD.', '0714956571', 'KITHULAMPITIYA,GALLE', '2025-11-12 21:19:48'),
(23, 'ORICMO COMPUTERS (PVT) LTD', '0760114298', 'No 75A, Sri Hemanandha Mawatha, Bataganvila, Galle,', '2025-11-14 03:19:13'),
(25, 'new supler1', '', NULL, '2025-12-04 20:49:03'),
(27, 'COLOMBO CCTV', '0714956575', 'Colombo', '2025-12-04 21:42:52'),
(28, 'sample', '07601142989', 'sfsdf', '2025-12-04 22:43:31'),
(33, 'dfsdfsdf', '555855', NULL, '2025-12-04 23:38:16'),
(35, 'IT GALORY', '0258577458', NULL, '2025-12-04 23:41:26'),
(36, 'ITGALORY', '02585774588', NULL, '2025-12-04 23:42:20'),
(37, 'REERT', '555552255', NULL, '2025-12-04 23:48:20'),
(39, 'EE', '555225', NULL, '2025-12-05 00:05:21'),
(40, 'SAMINDA nanayakkara', '055542', NULL, '2025-12-05 00:16:55'),
(41, 'DFG', '552525', NULL, '2025-12-05 00:24:57'),
(42, 'rrgvbdg', '05554775', NULL, '2025-12-05 07:12:47');

-- --------------------------------------------------------

--
-- Table structure for table `system_settings`
--

CREATE TABLE `system_settings` (
  `setting_key` varchar(100) NOT NULL,
  `setting_value` text DEFAULT NULL
) ENGINE=InnoDB DEFAULT CHARSET=utf8mb4 COLLATE=utf8mb4_general_ci;

--
-- Dumping data for table `system_settings`
--

INSERT INTO `system_settings` (`setting_key`, `setting_value`) VALUES
('default_warranty_terms', '1. වගකීම් කාලය (Warranty Period) අදාළ භාණ්ඩ සඳහා ඉන්වොයිසියේ සඳහන් දින සිට වලංගු වේ.\r\n2. වගකීම් සේවාව ලබාගැනීම සඳහා මෙම ඉන්වොයිස්පත (Original Invoice) ඉදිරිපත් කිරීම අනිවාර්ය වේ.\r\n3. භෞතික හානි (Physical Damages), දියර හානි (Liquid Damages), විදුලි දෝෂ (Power Issues), සහ අකුණු ගැසීම් (Lightning) සඳහා වගකීම් සේවාව අදාළ නොවේ.\r\n4. මෘදුකාංග (Software) සහ මෙහෙයුම් පද්ධති (OS) සඳහා වගකීම් සේවාව හිමි නොවේ.\r\n5. කිසිඳු හේතුවක් මත මුදල් ආපසු ගෙවීමක් (Refund) සිදු නොකරනු ලැබේ.\r\n6. වගකීම් කාලය තුළ අලුත්වැඩියා කරනු ලබන භාණ්ඩ නැවත භාරදීමේදී සිදුවන ප්‍රමාද දෝෂ සඳහා ආයතනය වගකියනු නොලැබේ.'),
('invoice_footer_credit', '© software developed by : KAWDU TECHNOLOGY - 0776 228 943 | 0786 228 943'),
('show_footer_credit', '1'),
('show_warranty_on_invoice', '1');

-- --------------------------------------------------------

--
-- Table structure for table `users`
--

CREATE TABLE `users` (
  `user_id` int(11) NOT NULL,
  `username` varchar(50) NOT NULL,
  `password` varchar(255) NOT NULL,
  `name` varchar(100) NOT NULL,
  `user_type` enum('Admin','User') NOT NULL DEFAULT 'Admin',
  `status` enum('Active','Inactive') NOT NULL DEFAULT 'Active',
  `created_at` timestamp NOT NULL DEFAULT current_timestamp()
) ENGINE=InnoDB DEFAULT CHARSET=utf8mb4 COLLATE=utf8mb4_general_ci;

--
-- Dumping data for table `users`
--

INSERT INTO `users` (`user_id`, `username`, `password`, `name`, `user_type`, `status`, `created_at`) VALUES
(2, 'admin', '$2y$10$Rn4WaXMhzr3WlCyuaD/cOONF3gDCMsdhz52as2x0VZL6Hd8UUYLpi', 'SAMINDA NANAYAKKARA', 'Admin', 'Active', '2025-11-10 19:27:17'),
(3, 'user', '$2y$10$MWZufBHXSaGXsvALklXIMeoNAJapgyO3vLOejnQYZrFZIRgp8HSI2', 'user', 'User', 'Active', '2025-11-10 19:39:36');

--
-- Indexes for dumped tables
--

--
-- Indexes for table `categories`
--
ALTER TABLE `categories`
  ADD PRIMARY KEY (`category_id`),
  ADD UNIQUE KEY `category_name` (`category_name`),
  ADD KEY `idx_category_name` (`category_name`);

--
-- Indexes for table `clients`
--
ALTER TABLE `clients`
  ADD PRIMARY KEY (`client_id`),
  ADD UNIQUE KEY `UQ_Client_Name_New` (`client_name`),
  ADD UNIQUE KEY `uq_phone_constraint` (`phone`),
  ADD UNIQUE KEY `uq_whatsapp_number` (`whatsapp`);

--
-- Indexes for table `invoices`
--
ALTER TABLE `invoices`
  ADD PRIMARY KEY (`invoice_id`),
  ADD UNIQUE KEY `invoice_number` (`invoice_number`),
  ADD KEY `client_id` (`client_id`),
  ADD KEY `user_id` (`user_id`);

--
-- Indexes for table `invoice_items`
--
ALTER TABLE `invoice_items`
  ADD PRIMARY KEY (`item_id`),
  ADD KEY `invoice_id` (`invoice_id`),
  ADD KEY `product_id` (`product_id`);

--
-- Indexes for table `products`
--
ALTER TABLE `products`
  ADD PRIMARY KEY (`product_id`),
  ADD UNIQUE KEY `product_code` (`product_code`),
  ADD KEY `category_id` (`category_id`),
  ADD KEY `supplier_id` (`supplier_id`);

--
-- Indexes for table `quotations`
--
ALTER TABLE `quotations`
  ADD PRIMARY KEY (`quotation_id`),
  ADD UNIQUE KEY `quotation_number` (`quotation_number`),
  ADD KEY `client_id` (`client_id`),
  ADD KEY `user_id` (`user_id`);

--
-- Indexes for table `quotation_items`
--
ALTER TABLE `quotation_items`
  ADD PRIMARY KEY (`item_id`),
  ADD KEY `quotation_id` (`quotation_id`),
  ADD KEY `product_id` (`product_id`);

--
-- Indexes for table `services`
--
ALTER TABLE `services`
  ADD PRIMARY KEY (`service_id`),
  ADD UNIQUE KEY `service_code` (`service_code`),
  ADD KEY `category_id` (`category_id`);

--
-- Indexes for table `suppliers`
--
ALTER TABLE `suppliers`
  ADD PRIMARY KEY (`supplier_id`),
  ADD UNIQUE KEY `supplier_name` (`supplier_name`),
  ADD UNIQUE KEY `contact_no` (`contact_no`),
  ADD KEY `idx_supplier_name` (`supplier_name`),
  ADD KEY `idx_contact_no` (`contact_no`);

--
-- Indexes for table `system_settings`
--
ALTER TABLE `system_settings`
  ADD PRIMARY KEY (`setting_key`);

--
-- Indexes for table `users`
--
ALTER TABLE `users`
  ADD PRIMARY KEY (`user_id`),
  ADD UNIQUE KEY `username` (`username`);

--
-- AUTO_INCREMENT for dumped tables
--

--
-- AUTO_INCREMENT for table `categories`
--
ALTER TABLE `categories`
  MODIFY `category_id` int(11) NOT NULL AUTO_INCREMENT, AUTO_INCREMENT=107;

--
-- AUTO_INCREMENT for table `clients`
--
ALTER TABLE `clients`
  MODIFY `client_id` int(11) NOT NULL AUTO_INCREMENT, AUTO_INCREMENT=186;

--
-- AUTO_INCREMENT for table `invoices`
--
ALTER TABLE `invoices`
  MODIFY `invoice_id` int(11) NOT NULL AUTO_INCREMENT, AUTO_INCREMENT=20;

--
-- AUTO_INCREMENT for table `invoice_items`
--
ALTER TABLE `invoice_items`
  MODIFY `item_id` int(11) NOT NULL AUTO_INCREMENT, AUTO_INCREMENT=50;

--
-- AUTO_INCREMENT for table `products`
--
ALTER TABLE `products`
  MODIFY `product_id` int(11) NOT NULL AUTO_INCREMENT, AUTO_INCREMENT=44;

--
-- AUTO_INCREMENT for table `quotations`
--
ALTER TABLE `quotations`
  MODIFY `quotation_id` int(11) NOT NULL AUTO_INCREMENT, AUTO_INCREMENT=104;

--
-- AUTO_INCREMENT for table `quotation_items`
--
ALTER TABLE `quotation_items`
  MODIFY `item_id` int(11) NOT NULL AUTO_INCREMENT, AUTO_INCREMENT=368;

--
-- AUTO_INCREMENT for table `services`
--
ALTER TABLE `services`
  MODIFY `service_id` int(11) NOT NULL AUTO_INCREMENT, AUTO_INCREMENT=2;

--
-- AUTO_INCREMENT for table `suppliers`
--
ALTER TABLE `suppliers`
  MODIFY `supplier_id` int(11) NOT NULL AUTO_INCREMENT, AUTO_INCREMENT=43;

--
-- AUTO_INCREMENT for table `users`
--
ALTER TABLE `users`
  MODIFY `user_id` int(11) NOT NULL AUTO_INCREMENT, AUTO_INCREMENT=4;

--
-- Constraints for dumped tables
--

--
-- Constraints for table `invoices`
--
ALTER TABLE `invoices`
  ADD CONSTRAINT `invoices_ibfk_1` FOREIGN KEY (`client_id`) REFERENCES `clients` (`client_id`),
  ADD CONSTRAINT `invoices_ibfk_2` FOREIGN KEY (`user_id`) REFERENCES `users` (`user_id`);

--
-- Constraints for table `invoice_items`
--
ALTER TABLE `invoice_items`
  ADD CONSTRAINT `invoice_items_ibfk_1` FOREIGN KEY (`invoice_id`) REFERENCES `invoices` (`invoice_id`) ON DELETE CASCADE ON UPDATE CASCADE;

--
-- Constraints for table `products`
--
ALTER TABLE `products`
  ADD CONSTRAINT `products_ibfk_1` FOREIGN KEY (`category_id`) REFERENCES `categories` (`category_id`) ON DELETE SET NULL,
  ADD CONSTRAINT `products_ibfk_2` FOREIGN KEY (`supplier_id`) REFERENCES `suppliers` (`supplier_id`) ON DELETE SET NULL;

--
-- Constraints for table `quotations`
--
ALTER TABLE `quotations`
  ADD CONSTRAINT `quotations_client_fk` FOREIGN KEY (`client_id`) REFERENCES `clients` (`client_id`),
  ADD CONSTRAINT `quotations_user_fk` FOREIGN KEY (`user_id`) REFERENCES `users` (`user_id`);

--
-- Constraints for table `quotation_items`
--
ALTER TABLE `quotation_items`
  ADD CONSTRAINT `quotation_items_fk` FOREIGN KEY (`quotation_id`) REFERENCES `quotations` (`quotation_id`) ON DELETE CASCADE ON UPDATE CASCADE;

--
-- Constraints for table `services`
--
ALTER TABLE `services`
  ADD CONSTRAINT `services_ibfk_1` FOREIGN KEY (`category_id`) REFERENCES `categories` (`category_id`) ON DELETE SET NULL;
COMMIT;

/*!40101 SET CHARACTER_SET_CLIENT=@OLD_CHARACTER_SET_CLIENT */;
/*!40101 SET CHARACTER_SET_RESULTS=@OLD_CHARACTER_SET_RESULTS */;
/*!40101 SET COLLATION_CONNECTION=@OLD_COLLATION_CONNECTION */;
